id	description_en	codesystem	code	data_type	description_code	codelist_ref	input_type	properties	parent	comments
Studies	A detailed examination, analysis, or critical inspection of one or multiple subjects designed to discover facts.	NCIT	C63536	ST	Studies		multi-select	{url=http://purl.obolibrary.org/obo/NCIT_C63536}		
Identifier	A unique proper name or character sequence that identifies this particular study.	OMIABIS	0000006	ST	Identifier		text	{url=http://purl.obolibrary.org/obo/OMIABIS_0000006}	Studies	
Name	A name that designates this study.	OMIABIS	0000037	ST	Name		text	{url=http://purl.obolibrary.org/obo/OMIABIS_0000037}	Studies	
Acronym	The non-unique initials or abbreviated name used for identification.	NCIT	C93495	ST	Acronym		text	{url=http://purl.obolibrary.org/obo/NCIT_C93495}	Studies	
Description	A statement or piece of writing that provides details on this study.	OMIABIS	0000036	ST	Description		text	{url=http://purl.obolibrary.org/obo/OMIABIS_0000036}	Studies	
Inclusion criteria	The conditions which, if met, make an person eligible for participation in this study.	OBI	0500027	ST	Inclusion criteria	InclusionCriteria.tsv	multi-select	{url=http://purl.obolibrary.org/obo/OBI_0500027}	Studies	
Principal investigator	An investigator who is responsible for all aspects of the conduct of a study.	OMIABIS	0000100	ST	Principal investigator		text	{url=http://purl.obolibrary.org/obo/OMIABIS_0000100}	Studies	
Contact person	Name of study contact.	NCIT	C176373	ST	Contact person		text	{url=http://purl.obolibrary.org/obo/NCIT_C176373}	Studies	
Contact email	An email address for the purpose of contacting the study contact person.	OMIABIS	0000035	ST	Contact email		text	{url=http://purl.obolibrary.org/obo/OMIABIS_0000035}	Studies	
Study design	A plan specification comprised of protocols (which may specify how and what kinds of data will be gathered) that are executed as part of this study.	OBI	0500000	ST	Study design		text	{url=http://purl.obolibrary.org/obo/OBI_0500000}	Studies	
Start date	The date on which this study began.	NCIT	C69208	DATE	Start date		text	{url=http://purl.obolibrary.org/obo/NCIT_C69208}	Studies	
Completion date	The date on which the concluding information for this study is completed. Usually, this is when the last subject has a final visit, or the main analysis has finished, or any other protocol-defined completion date.	NCIT	C142702	DATE	Completion date		text	{url=http://purl.obolibrary.org/obo/NCIT_C142702}	Studies	
Current study status	The status of a study or trial.	NCIT	C171103	ST	Current study status	StudyStatus.tsv	multi-select	{url=http://purl.obolibrary.org/obo/NCIT_C171103}	Studies	
Number of subjects enrolled	An integer specifying the quantity of study subjects enrolled in the study at the current time.	NCIT	C153145	INT	Number of subjects enrolled		text	{url=http://purl.obolibrary.org/obo/NCIT_C153145}	Studies	
Numer of samples collected	An integer specifying the quantity of samples collected at the current time.	KISAO	0000326	INT	Numer of samples collected		text	{url=http://www.biomodels.net/kisao/KISAO#KISAO_0000326}	Studies	
belongsToDataRelease	The act of making data or other structured information accessible to the public or to the user group of a database.	NCIT	C172217	ST	belongsToDataRelease		multi-select	{url=http://purl.obolibrary.org/obo/NCIT_C172217}	Studies	
Data releases	The act of making data or other structured information accessible to the public or to the user group of a database.	NCIT	C172217	ST	Data releases		multi-select	{url=http://purl.obolibrary.org/obo/NCIT_C172217}		
id	One or more characters used to identify, name, or characterize the nature, properties, or contents of a thing.	NCIT	C25364	ST	id		text	{url=http://purl.obolibrary.org/obo/NCIT_C25364}	Data releases	
name	The words or language units by which a thing is known.	NCIT	C42614	ST	name		text	{url=http://purl.obolibrary.org/obo/NCIT_C42614}	Data releases	
Subjects	Persons who are observed, analyzed, examined, investigated, experimented upon, or/and treated in the course of a particular study.	NCIT	C90492	ST	Subjects		multi-select	{url=http://purl.obolibrary.org/obo/NCIT_C90492}		
Identifier	A unique proper name or character sequence that identifies this particular individual who is the subject of personal data, persons to whom data refers, and from whom data are collected, processed, and stored.	NCIT	C164337	ST	Identifier		text	{url=http://purl.obolibrary.org/obo/NCIT_C164337}	Subjects	
Alternative identifiers	A backup sequence of characters used to identify an entity.	NCIT	C90353	ST	Alternative identifiers		text	{url=http://purl.obolibrary.org/obo/NCIT_C90353}	Subjects	
Gender identity	A person's concept of self as being male and masculine or female and feminine, or ambivalent, based in part on physical characteristics, parental responses, and psychological and social pressures. It is the internal experience of gender role. For practical reasons the lookups are limited to first and second-level entries, but can be expanded when needed. Note that 'Gender at birth', 'Genotypic sex' and any (gender-related) hormone therapies in 'Medication' are usually medically more relevant than this term.	MESH	D005783	ST	Gender identity	GenderIdentity.tsv	single-select	{url=http://purl.bioontology.org/ontology/MESH/D005783}	Subjects	
Gender at birth	Assigned gender is one's gender which was assigned at birth, typically by a medical and/or legal organization, and then later registered with other organizations. Such a designation is typically based off of the superficial appearance of external genitalia present at birth.	GSSO	009418	ST	Gender at birth	GenderAtBirth.tsv	single-select	{url=http://purl.obolibrary.org/obo/GSSO_009418}	Subjects	
Genotypic sex	A biological sex quality inhering in an individual based upon genotypic composition of sex chromosomes.	PATO	0020000	ST	Genotypic sex	GenotypicSex.tsv	single-select	{url=http://purl.obolibrary.org/obo/PATO_0020000}	Subjects	
Country of residence	Country of residence at enrollment.	NCIT	C171105	ST	Country of residence	Countries.tsv	single-select	{url=http://purl.obolibrary.org/obo/NCIT_C171105}	Subjects	
Ancestry	Population category defined using ancestry informative markers (AIMs) based on genetic/genomic data.	NCIT	C176763	ST	Ancestry	Ancestry.tsv	single-select	{url=http://purl.obolibrary.org/obo/NCIT_C176763}	Subjects	
Country of birth	The country that this person was born in.	GENEPIO	0001094	ST	Country of birth	Countries.tsv	single-select	{url=http://purl.obolibrary.org/obo/GENEPIO_0001094}	Subjects	
Year of birth	The year in which this person was born.	NCIT	C83164	INT	Year of birth		text	{url=http://purl.obolibrary.org/obo/NCIT_C83164}	Subjects	
Date of birth	The calendar date on which a person was born.	NCIT	C68615	DATE	Date of birth		text	{url=http://purl.obolibrary.org/obo/NCIT_C68615}	Subjects	
Inclusion status	A findings domain that contains general subject characteristics that are evaluated periodically to determine if they have changed.	NCIT	C166244	ST	Inclusion status	InclusionStatus.tsv	single-select	{url=http://purl.obolibrary.org/obo/NCIT_C166244}	Subjects	
Age at death	The age at which death occurred.	NCIT	C135383	INT	Age at death		text	{url=http://purl.obolibrary.org/obo/NCIT_C135383}	Subjects	
Date of death	The calendar date of subject's death.	NCIT	C70810	DATE	Date of death		text	{url=http://purl.obolibrary.org/obo/NCIT_C70810}	Subjects	
Year of death	The year in which an individual derived.	NCIT	C156426	INT	Year of death		text	{url=http://purl.obolibrary.org/obo/NCIT_C156426}	Subjects	
Primary affiliated institute	The most significant institute for medical consultation and/or study inclusion in context of the genetic disease of this person.	NCIT	C25412	ST	Primary affiliated institute	Institutes.tsv	single-select	{url=http://purl.obolibrary.org/obo/NCIT_C25412}	Subjects	
Affiliated institute contact person	A person acting as a channel for communication between groups or on behalf of a group.	NCIT	C25461	ST	Affiliated institute contact person		text	{url=http://purl.obolibrary.org/obo/NCIT_C25461}	Subjects	
Affiliated institute contact email	Email address of the contact person or organization	MS	1000589	ST	Affiliated institute contact email		text	{url=http://purl.obolibrary.org/obo/MS_1000589}	Subjects	
Resources in other institutes	Material or data related to this person that is not captured by this system though known to be available in other institutes such as biobanks or hospitals.	NCIT	C19012	ST	Resources in other institutes	Institutes.tsv	multi-select	{url=http://purl.obolibrary.org/obo/NCIT_C19012}	Subjects	
Participates in study	Reference to the study or studies in which this person participates.	RO	0000056	ST	Participates in study		multi-select	{url=http://purl.obolibrary.org/obo/RO_0000056}	Subjects	
Belongs to family	A domestic group, or a number of domestic groups linked through descent (demonstrated or stipulated) from a common ancestor, marriage, or adoption.	NCIT	C25173	ST	Belongs to family		text	{url=http://purl.obolibrary.org/obo/NCIT_C25173}	Subjects	
Belongs to mother	A designation that has some relationship to motherhood.	NCIT	C89336	ST	Belongs to mother		single-select	{url=http://purl.obolibrary.org/obo/NCIT_C89336}	Subjects	
Belongs to father	Having to do with the father, coming from the father, or related through the father.	NCIT	C94324	ST	Belongs to father		single-select	{url=http://purl.obolibrary.org/obo/NCIT_C94324}	Subjects	
Belongs with family members	Any individual related biologically or legally to another individual.	NCIT	C21480	ST	Belongs with family members		multi-select	{url=http://purl.obolibrary.org/obo/NCIT_C21480}	Subjects	
Belongs with twin	Either of two offspring born from the same pregnancy.	NCIT	C73427	BOOLEAN	Belongs with twin		text	{url=http://purl.obolibrary.org/obo/NCIT_C73427}	Subjects	
First visit date	The date for the first patient visit.	NCIT	C164021	DATE	First visit date		text	{url=http://purl.obolibrary.org/obo/NCIT_C164021}	Subjects	
Fetal status	Any tissue from a fetus.	NCIT	C17730	BOOLEAN	Fetal status		text	{url=http://purl.obolibrary.org/obo/NCIT_C17730}	Subjects	
Consanguinity	Information on whether the patient is a child from two family members who are second cousins or closer.	OMIT	0004546	BOOLEAN	Consanguinity		text	{url=http://purl.obolibrary.org/obo/OMIT_0004546}	Subjects	
Belongs to study	Reference to the study or studies in which this person participates.	RO	0000056	ST	Belongs to study		multi-select	{url=http://purl.obolibrary.org/obo/RO_0000056}	Subjects	
Belongs to data release	The act of making data or other structured information accessible to the public or to the user group of a database.	NCIT	C172217	ST	Belongs to data release		multi-select	{url=http://purl.obolibrary.org/obo/NCIT_C172217}	Subjects	
Belongs to cohort	A group of individuals, identified by a common characteristic.	NCIT	C61512	ST	Belongs to cohort		multi-select	{url=http://purl.obolibrary.org/obo/NCIT_C61512}	Subjects	
Clinical	Findings and circumstances relating to the examination and treatment of a patient.	NCIT	C25398	ST	Clinical		multi-select	{url=http://purl.obolibrary.org/obo/NCIT_C25398}		
Identifier	A unique proper name or character sequence that identifies this particular clinical examination.	NCIT	C87853	ST	Identifier		text	{url=http://purl.obolibrary.org/obo/NCIT_C87853}	Clinical	
Belongs to subject	An individual who is the subject of personal data, persons to whom data refers, and from whom data are collected, processed, and stored.	NCIT	C142495	ST	Belongs to subject		single-select	{url=http://purl.obolibrary.org/obo/NCIT_C142495}	Clinical	
Affected status	Individuals in a pedigree who exhibit the specific phenotype under study.	NCIT	C64917	BOOLEAN	Affected status		text	{url=http://purl.obolibrary.org/obo/NCIT_C64917}	Clinical	
Date of diagnosis	The date on which a diagnosis of disease was made.	NCIT	C164339	DATE	Date of diagnosis		text	{url=http://purl.obolibrary.org/obo/NCIT_C164339}	Clinical	
Age at diagnosis	The age (in years), measured from some defined time point (e.g. birth) at which a patient is diagnosed with a disease.	SNOMEDCT	423493009	INT	Age at diagnosis		text	{url=http://purl.bioontology.org/ontology/SNOMEDCT/423493009}	Clinical	
Age of onset	Age (in years) of onset of clinical manifestations related to the disease of the patient.	Orphanet	C023	INT	Age of onset		text	{url=http://www.orpha.net/ORDO/Orphanet_C023}	Clinical	
Age at last screening	Age of the patient at the moment of the most recent screening.	NCIT	C81258	INT	Age at last screening		text	{url=http://purl.obolibrary.org/obo/NCIT_C81258}	Clinical	
Observed phenotype	The outward appearance of the individual. In medical context, these are often the symptoms caused by a disease.	NCIT	C16977	ST	Observed phenotype	Phenotypes.tsv	multi-select	{url=http://purl.obolibrary.org/obo/NCIT_C16977}	Clinical	
Unobserved phenotype	Phenotypes or symptoms that were looked for but not observed, which may help in differential diagnosis or establish incomplete penetrance.	HL7	C0442737	ST	Unobserved phenotype	Phenotypes.tsv	multi-select	{url=http://purl.bioontology.org/ontology/HL7/C0442737}	Clinical	
Provisional phenotype	The test or procedure was successfully performed, but the results are borderline and can neither be declared positive / negative nor detected / not detected according to the current established criteria.	HL7	C0332241	ST	Provisional phenotype	Phenotypes.tsv	multi-select	{url=http://purl.bioontology.org/ontology/HL7/C0332241}	Clinical	
Clinical diagnosis	A diagnosis made from a study of the signs and symptoms of a disease.	NCIT	C15607	ST	Clinical diagnosis	Diseases.tsv	multi-select	{url=http://purl.obolibrary.org/obo/NCIT_C15607}	Clinical	
Molecular diagnosis gene	Gene affected by pathogenic variation that is causal for disease of the patient.	NCIT	C20826	ST	Molecular diagnosis gene	Genes.tsv	multi-select	{url=http://purl.obolibrary.org/obo/NCIT_C20826}	Clinical	
Molecular diagnosis other	Causal variant in HGVS notation with optional classification or free text explaining any other molecular mechanisms involved.	NCIT	C20826	ST	Molecular diagnosis other		text	{url=http://purl.obolibrary.org/obo/NCIT_C20826}	Clinical	
Medication	A drug product that contains one or more active and/or inactive ingredients used by the patient intended to treat, prevent or alleviate the symptoms of disease. Any hormone therapies, gender-related or otherwise, should also be recorded here.	NCIT	C459	ST	Medication	Drugs.tsv	multi-select	{url=http://purl.obolibrary.org/obo/NCIT_C459}	Clinical	
Drug regimen	The specific way a therapeutic drug is to be taken, including formulation, route of administration, dose, dosing interval, and treatment duration.	NCIT	C142516	ST	Drug regimen		text	{url=http://purl.obolibrary.org/obo/NCIT_C142516}	Clinical	
Medical history	A record of a person's background regarding health, occurrence of disease events and surgical procedures.	NCIT	C18772	ST	Medical history	MedicalHistory.tsv	multi-select	{url=http://purl.obolibrary.org/obo/NCIT_C18772}	Clinical	
Phenotypic data available	Types of phenotypic data collected in a clinical setting that is potentially available upon request.	NCIT	C15783	ST	Phenotypic data available	DCMITypes.tsv	multi-select	{url=http://purl.obolibrary.org/obo/NCIT_C15783}	Clinical	
Status of diagnosis	A condition or state at a particular time.	NCIT	C25688	ST	Status of diagnosis	DiagnosisConfirmationStatus.tsv	single-select	{url=http://purl.obolibrary.org/obo/NCIT_C25688}	Clinical	
First contact	First contact of the patient with a specialised center in context of disease or study inclusion.	LOINC	MTHU048806	DATE	First contact		text	{url=http://purl.bioontology.org/ontology/LNC/MTHU048806}	Clinical	
Date diagnosis confirmed	The particular day, month and year an event has happened or will happen.	NCIT	C25164	DATE	Date diagnosis confirmed		text	{url=http://purl.obolibrary.org/obo/NCIT_C25164}	Clinical	
Belongs to data release	The act of making data or other structured information accessible to the public or to the user group of a database.	NCIT	C172217	ST	Belongs to data release		multi-select	{url=http://purl.obolibrary.org/obo/NCIT_C172217}	Clinical	
Family members affected	Family members related by descent rather than by marriage or law who were diagnosed with the same condition as the individual who is the primary focus of investigation (i.e. the proband).	HP	0032320	ST	Family members affected	FamilyMembers.tsv	multi-select	{url=http://purl.obolibrary.org/obo/HP_0032320}	Clinical	
Family members sequenced	Family members related by descent rather than by marriage or law who were also tested by next-generation sequencing.	NCIT	C79916	ST	Family members sequenced	FamilyMembers.tsv	multi-select	{url=http://purl.obolibrary.org/obo/NCIT_C79916}	Clinical	
Functioning	Patient's classification of functioning i.e. disability profile according to International Classification of Functioning and Disability (ICF).	NCIT	C21007	ST	Functioning		text	{url=http://purl.obolibrary.org/obo/NCIT_C21007}	Clinical	
Material used in diagnosis	This diagnosis c.q. clinical examination is based on one or more sampled materials.	SIO	000641	ST	Material used in diagnosis		text	{url=http://semanticscience.org/resource/SIO_000641}	Clinical	
Materials	A natural substance derived from living organisms such as cells, tissues, proteins, and DNA.	NCIT	C43376	ST	Materials		multi-select	{url=http://purl.obolibrary.org/obo/NCIT_C43376}		
Identifier	Name or other identifier of an entry from a biosample database.	EDAM	data_3273	ST	Identifier		text	{url=http://edamontology.org/data_3273}	Materials	
Alternative identifiers	A backup sequence of characters used to identify an entity.	NCIT	C90353	ST	Alternative identifiers		text	{url=http://purl.obolibrary.org/obo/NCIT_C90353}	Materials	
Collected from person	Reference to the subject from whom this material was collected.	SIO	000244	ST	Collected from person		single-select	{url=http://semanticscience.org/resource/SIO_000244}	Materials	
Belongs to request	A sequence of letters, numbers, or other characters that specifically identifies a particular order.	NCIT	C164567	ST	Belongs to request		text	{url=http://purl.obolibrary.org/obo/NCIT_C164567}	Materials	
Belongs to data release	The act of making data or other structured information accessible to the public or to the user group of a database.	NCIT	C172217	ST	Belongs to data release		multi-select	{url=http://purl.obolibrary.org/obo/NCIT_C172217}	Materials	
Belongs to diagnosis	Reference to a diagnosis c.q. clinical examination of which this material may be a part of. There can be multiple diagnoses when a non-tumor material is reused as reference.	SIO	000068	ST	Belongs to diagnosis		multi-select	{url=http://semanticscience.org/resource/SIO_000068}	Materials	
Date of request	The date on which the activity or entity was ordered.	NCIT	C164566	DATE	Date of request		text	{url=http://purl.obolibrary.org/obo/NCIT_C164566}	Materials	
Reason for sampling	The explanation for why a test, measurement, or assessment is executed.	NCIT	C171003	ST	Reason for sampling	samplingReason.tsv	multi-select	{url=http://purl.obolibrary.org/obo/NCIT_C171003}	Materials	
Sampling date	The date that a sample was collected or obtained.	NCIT	C164024	DATE	Sampling date		text	{url=http://purl.obolibrary.org/obo/NCIT_C164024}	Materials	
Sampling timestamp	Date and time at which this material was collected.	EFO	0000689	DATE	Sampling timestamp		text	{url=http://www.ebi.ac.uk/efo/EFO_0000689}	Materials	
Registration timestamp	Date and time at which this material was listed or recorded officially, i.e. officially qualified or enrolled.	NCIT	C25646	DATE	Registration timestamp		text	{url=http://purl.obolibrary.org/obo/NCIT_C25646}	Materials	
Sampling protocol text	The procedure whereby this material was sampled for an analysis.	EFO	0005518	ST	Sampling protocol text		text	{url=http://www.ebi.ac.uk/efo/EFO_0005518}	Materials	
Sampling protocol reference	The procedure whereby this material was sampled for an analysis.	EFO	0005518	ST	Sampling protocol reference		multi-select	{url=http://www.ebi.ac.uk/efo/EFO_0005518}	Materials	
Sampling protocol deviation	A variation from processes or procedures defined in the sampling protocol. Deviations usually do not preclude the overall evaluability of subject data for either efficacy or safety, and are often acknowledged and accepted in advance by the sponsor.	NCIT	C50996	ST	Sampling protocol deviation		text	{url=http://purl.obolibrary.org/obo/NCIT_C50996}	Materials	
Reason for sampling protocol deviation	The rationale for why a deviation from the sampling protocol has occurred.	NCIT	C93529	ST	Reason for sampling protocol deviation		text	{url=http://purl.obolibrary.org/obo/NCIT_C93529}	Materials	
Biospecimen type	The type of material taken from a biological entity for testing, diagnostic, propagation, treatment or research purposes.	NCIT	C70713	ST	Biospecimen type	BiospecimenTypes.tsv	single-select	{url=http://purl.obolibrary.org/obo/NCIT_C70713}	Materials	
Anatomical source	Biological entity that constitutes the structural organization of an individual member of a biological species from which this material was taken.	NCIT	C103264	ST	Anatomical source	AnatomicalSources.tsv	single-select	{url=http://purl.obolibrary.org/obo/NCIT_C103264}	Materials	
Pathological state	The pathological state of the tissue from which this material was derived.	GO	0001894	ST	Pathological state	PathologicalState.tsv	single-select	{url=http://purl.obolibrary.org/obo/GO_0001894}	Materials	
Biospecimen usability	An indication as to whether a biospecimen is suitable for testing purposes.	NCIT	C171004	BOOLEAN	Biospecimen usability		text	{url=http://purl.obolibrary.org/obo/NCIT_C171004}	Materials	
Storage conditions	The conditions under which this biological material was stored.	NCIT	C96145	ST	Storage conditions	StorageConditions.tsv	single-select	{url=http://purl.obolibrary.org/obo/NCIT_C96145}	Materials	
Expiration date	The date beyond which this material is no longer regarded as fit for use.	NCIT	C164516	DATE	Expiration date		text	{url=http://purl.obolibrary.org/obo/NCIT_C164516}	Materials	
Percentage tumor cells	The percentage of tumor cells compared to total cells present in this material.	NCIT	C127771	DECIMAL	Percentage tumor cells		text	{url=http://purl.obolibrary.org/obo/NCIT_C127771}	Materials	
Physical location	A place on the Earth where this material is located, by its name or by its geographical location. This definition is intentionally vague to allow reuse locally (e.g. which freezer), for contacting (e.g. which institute), broadly for logistical or legal reasons (e.g. city, country or continent).	GAZ	00000448	ST	Physical location		text	{url=http://purl.obolibrary.org/obo/GAZ_00000448}	Materials	
Analyses performed	Reports the existence of any analyses performed on this material other than genomics (e.g. transcriptomics, metabolomics, proteomics).	IAO	0000702	ST	Analyses performed	AnalysesPerformed.tsv	multi-select	{url=http://purl.obolibrary.org/obo/IAO_0000702}	Materials	
Derived from	Indicate if this material was produced from or related to another.	NCIT	C28355	ST	Derived from		text	{url=http://purl.obolibrary.org/obo/NCIT_C28355}	Materials	
Sampling protocols	Describes the procedure whereby biological samples for an experiment are sourced.	EFO	0005518	ST	Sampling protocols		multi-select	{url=http://www.ebi.ac.uk/efo/EFO_0005518}		
Identifier	One or more characters used to identify, name, or characterize the nature, properties, or contents of a thing.	NCIT	C25364	ST	Identifier		text	{url=http://purl.obolibrary.org/obo/NCIT_C25364}	Sampling protocols	
Name	The words or language units by which a thing is known.	NCIT	C42614	ST	Name		text	{url=http://purl.obolibrary.org/obo/NCIT_C42614}	Sampling protocols	
Description	A written or verbal account, representation, statement, or explanation of something.	NCIT	C25365	ST	Description		text	{url=http://purl.obolibrary.org/obo/NCIT_C25365}	Sampling protocols	
Version	A form or variant of a type or original; one of a sequence of copies of a program, each incorporating new modifications.	NCIT	C25714	ST	Version		text	{url=http://purl.obolibrary.org/obo/NCIT_C25714}	Sampling protocols	
IRI	A unique symbol that establishes identity of the resource.	NCIT	C165071	ST	IRI		text	{url=http://purl.obolibrary.org/obo/NCIT_C165071}	Sampling protocols	
NGS sample preparations	A sample preparation for a nucleic acids sequencing assay.	OBI	0001902	ST	NGS sample preparations		multi-select	{url=http://purl.obolibrary.org/obo/OBI_0001902}		
Identifier	A unique proper name or character sequence that identifies this particular sample preparation.	NCIT	C132299	ST	Identifier		text	{url=http://purl.obolibrary.org/obo/NCIT_C132299}	NGS sample preparations	
Belongs to materials	Reference to the source material from which this sample was prepared.	NCIT	C93400	ST	Belongs to materials		single-select	{url=http://purl.obolibrary.org/obo/NCIT_C93400}	NGS sample preparations	
Belongs to lab procedure	Any procedure that involves testing or manipulating a sample of blood, urine, or other body substance in a laboratory setting.	NCIT	C25294	ST	Belongs to lab procedure		single-select	{url=http://purl.obolibrary.org/obo/NCIT_C25294}	NGS sample preparations	
Belongs to request	A sequence of letters, numbers, or other characters that specifically identifies a particular order.	NCIT	C164567	ST	Belongs to request		text	{url=http://purl.obolibrary.org/obo/NCIT_C164567}	NGS sample preparations	
Input amount	Amount of input material in nanogram (ng).	AFRL	0000010	INT	Input amount		text	{url=http://purl.allotrope.org/ontologies/role#AFRL_0000010}	NGS sample preparations	
Library preparation kit	Pre-filled, ready-to-use reagent cartridges intented to improve chemistry, cluster density and read length as well as improve quality (Q) scores for this sample. Reagent components are encoded to interact with the sequencing system to validate compatibility with user-defined applications.	GENEPIO	0000085	ST	Library preparation kit	NGSKits.tsv	single-select	{url=http://purl.obolibrary.org/obo/GENEPIO_0000085}	NGS sample preparations	
PCR free	Indicates whether a polymerase chain reaction (PCR) was used to prepare this sample. PCR is a method for amplifying a DNA base sequence using multiple rounds of heat denaturation of the DNA and annealing of oligonucleotide primers complementary to flanking regions in the presence of a heat-stable polymerase.	NCIT	C17003	BOOLEAN	PCR free		text	{url=http://purl.obolibrary.org/obo/NCIT_C17003}	NGS sample preparations	
Target enrichment kit	Indicates which target enrichment kit was used to prepare this sample. Target enrichment is a pre-sequencing DNA preparation step where DNA sequences are either directly amplified (amplicon or multiplex PCR-based) or captured (hybrid capture-based) in order to only focus on specific regions of a genome or DNA sample.	NCIT	C154307	ST	Target enrichment kit	NGSKits.tsv	single-select	{url=http://purl.obolibrary.org/obo/NCIT_C154307}	NGS sample preparations	
UMIs present	Indicates whether any unique molecular identifiers (UMIs) are present. An UMI barcode is a short nucleotide sequence that is used to identify reads originating from an individual mRNA molecule.	EFO	0010199	BOOLEAN	UMIs present		text	{url=http://www.ebi.ac.uk/efo/EFO_0010199}	NGS sample preparations	
Intended insert size	In paired-end sequencing, the DNA between the adapter sequences is the insert. The length of this sequence is known as the insert size, not to be confused with the inner distance between reads. So, fragment length equals read adapter length (2x) plus insert size, and insert size equals read lenght (2x) plus inner distance.	FG	0000001	INT	Intended insert size		text	{url=https://w3id.org/fair-genomes/resource/FG_0000001}	NGS sample preparations	
Intended read length	The number of nucleotides intended to be ordered from each side of a nucleic acid fragment obtained after the completion of a sequencing process.	NCIT	C153362	INT	Intended read length		text	{url=http://purl.obolibrary.org/obo/NCIT_C153362}	NGS sample preparations	
Barcode	A machine-readable representation of information in a visual format on a surface.	NCIT	C43361	ST	Barcode		text	{url=http://purl.obolibrary.org/obo/NCIT_C43361}	NGS sample preparations	
Belongs to batch	A quantity of people or things treated or regarded as a group, especially when subdivided from a larger group.	NCIT	C67073	ST	Belongs to batch		text	{url=http://purl.obolibrary.org/obo/NCIT_C67073}	NGS sample preparations	
Belongs to data release	The act of making data or other structured information accessible to the public or to the user group of a database.	NCIT	C172217	ST	Belongs to data release		multi-select	{url=http://purl.obolibrary.org/obo/NCIT_C172217}	NGS sample preparations	
Laboratory Procedures	Any procedure that involves testing or manipulating a sample of blood, urine, or other body substance in a laboratory setting.	NCIT	C25294	ST	Laboratory Procedures		multi-select	{url=http://purl.obolibrary.org/obo/NCIT_C25294}		
Code	A character or string that represents the short code name of the laboratory test.	NCIT	C83322	ST	Code		text	{url=http://purl.obolibrary.org/obo/NCIT_C83322}	Laboratory Procedures	
Test	A character or string that represents the full name of the laboratory assessment.	NCIT	C117142	ST	Test		text	{url=http://purl.obolibrary.org/obo/NCIT_C117142}	Laboratory Procedures	
Description	A written or verbal account, representation, statement, or explanation of something	NCIT	C25365	ST	Description		text	{url=http://purl.obolibrary.org/obo/NCIT_C25365}	Laboratory Procedures	
Category	A classification of the laboratory test.	NCIT	C83017	ST	Category		text	{url=http://purl.obolibrary.org/obo/NCIT_C83017}	Laboratory Procedures	
Subcategory	A sub-division of the laboratory test classification.	NCIT	C83142	ST	Subcategory		text	{url=http://purl.obolibrary.org/obo/NCIT_C83142}	Laboratory Procedures	
Gene list	A data set of the names or identifiers of genes that are the outcome of an analysis or have been put together for the purpose of an analysis.	OBI	0000118	ST	Gene list		text	{url=http://purl.obolibrary.org/obo/OBI_0000118}	Laboratory Procedures	
Sequencing run	The determination of complete (typically nucleotide) sequences, including those of genomes (full genome sequencing, de novo sequencing and resequencing), amplicons and transcriptomes.	EDAM	topic_3168	ST	Sequencing run		multi-select	{url=http://edamontology.org/topic_3168}		
Identifier	A unique proper name or character sequence that identifies this particular nucleic acid sequencing assay.	NCIT	C171337	ST	Identifier		text	{url=http://purl.obolibrary.org/obo/NCIT_C171337}	Sequencing run	
Belongs to lab procedure	Any procedure that involves testing or manipulating a sample of blood, urine, or other body substance in a laboratory setting.	NCIT	C25294	ST	Belongs to lab procedure		single-select	{url=http://purl.obolibrary.org/obo/NCIT_C25294}	Sequencing run	
Belongs to sample preparation	Reference to the prepared sample, i.e. the source that was sequenced.	NCIT	C132299	ST	Belongs to sample preparation		single-select	{url=http://purl.obolibrary.org/obo/NCIT_C132299}	Sequencing run	
Reason for sequencing	A rationale for executing a plan of action.	NCIT	C69216	ST	Reason for sequencing	SamplingReason.tsv	single-select	{url=http://purl.obolibrary.org/obo/NCIT_C69216}	Sequencing run	
Sequencing date	Date on which this sequencing assay was performed.	GENEPIO	0000069	DATE	Sequencing date		text	{url=http://purl.obolibrary.org/obo/GENEPIO_0000069}	Sequencing run	
Sequencing facility organization	An organization that provides sequence determination service.	OBI	0001891	ST	Sequencing facility organization	Institutes.tsv	single-select	{url=http://purl.obolibrary.org/obo/OBI_0001891}	Sequencing run	
Sequencing platform	The used sequencing platform (i.e. brand, name of a company that produces sequencer equipment).	GENEPIO	0000071	ST	Sequencing platform	SequencingPlatform.tsv	single-select	{url=http://purl.obolibrary.org/obo/GENEPIO_0000071}	Sequencing run	
Sequencing instrument model	The used product name and model number of a manufacturer's genomic (dna) sequencer.	GENEPIO	0001921	ST	Sequencing instrument model	SequencingInstrumentModels.tsv	single-select	{url=http://purl.obolibrary.org/obo/GENEPIO_0001921}	Sequencing run	
Sequencing method	Method used to determine the order of bases in a nucleic acid sequence.	FIX	0000704	ST	Sequencing method	SequencingMethods.tsv	single-select	{url=http://purl.obolibrary.org/obo/FIX_0000704}	Sequencing run	
Median read depth	The median number of times a particular locus (site, nucleotide, amplicon, region) was sequenced.	NCIT	C155320	INT	Median read depth		text	{url=http://purl.obolibrary.org/obo/NCIT_C155320}	Sequencing run	
Observed read length	The number of nucleotides successfully ordered from each side of a nucleic acid fragment obtained after the completion of a sequencing process.	NCIT	C153362	INT	Observed read length		text	{url=http://purl.obolibrary.org/obo/NCIT_C153362}	Sequencing run	
Observed insert size	In paired-end sequencing, the DNA between the adapter sequences is the insert. The length of this sequence is known as the insert size, not to be confused with the inner distance between reads. So, fragment length equals read adapter length (2x) plus insert size, and insert size equals read lenght (2x) plus inner distance.	FG	0000002	INT	Observed insert size		text	{url=https://w3id.org/fair-genomes/resource/FG_0000002}	Sequencing run	
Percentage Q30	Percentage of reads with a Phred quality score over 30, which indicates less than a 1/1000 chance that the base was called incorrectly.	GENEPIO	0000089	DECIMAL	Percentage Q30		text	{url=http://purl.obolibrary.org/obo/GENEPIO_0000089}	Sequencing run	
Percentage TR20	Percentage of the target sequence on which 20 or more unique reads were successfully mapped.	FG	0000003	DECIMAL	Percentage TR20		text	{url=https://w3id.org/fair-genomes/resource/FG_0000003}	Sequencing run	
Other quality metrics	Other NGS quality control metrics, including but not limited to (i) sequencer metrics such as yield, error rate, density (K/mm2), cluster PF (%) and phas/prephas (%), (ii) alignment metrics such as QM insert size, GC content, QM duplicated reads (%), QM error rate, uniformity/evenness of coverage and maternal cell contamination, and (iii) variant call metrics such as number of SNVs/CNVs/SVs called, number of missense/nonsense variants, common variants (%), unique variants (%), gender match and trio inheritance check.	EDAM	data_3914	ST	Other quality metrics		text	{url=http://edamontology.org/data_3914}	Sequencing run	
Belongs to data release	The act of making data or other structured information accessible to the public or to the user group of a database.	NCIT	C172217	ST	Belongs to data release		multi-select	{url=http://purl.obolibrary.org/obo/NCIT_C172217}	Sequencing run	
Files	A set of related records (either written or electronic) kept together.	NCIT	C42883	ST	Files		multi-select	{url=http://purl.obolibrary.org/obo/NCIT_C42883}		
Filename	The literal identifier for an electronic file.	NCIT	C171191	ST	Filename		text	{url=http://purl.obolibrary.org/obo/NCIT_C171191}	Files	
Produced by sequencing	A unique proper name or character sequence that identifies this particular nucleic acid sequencing assay.	NCIT	C171337	ST	Produced by sequencing		multi-select	{url=http://purl.obolibrary.org/obo/NCIT_C171337}	Files	
Belongs to subject	An individual who is the subject of personal data, persons to whom data refers, and from whom data are collected, processed, and stored.	NCIT	C142495	ST	Belongs to subject		single-select	{url=http://purl.obolibrary.org/obo/NCIT_C142495}	Files	
Belongs to study	Reference to the study or studies to which this file belongs.	BFO	0000050	ST	Belongs to study		multi-select	{url=http://purl.obolibrary.org/obo/BFO_0000050}	Files	
Belongs to cohort	A group of individuals, identified by a common characteristic.	NCIT	C61512	ST	Belongs to cohort		multi-select	{url=http://purl.obolibrary.org/obo/NCIT_C61512}	Files	
Server	A computer which provides some service for other computers connected to it via a network.	NCIT	C48297	ST	Server		text	{url=http://purl.obolibrary.org/obo/NCIT_C48297}	Files	
File path	The specification of a node (file or directory) in a hierarchical file system, usually specified by listing the nodes top-down.	NCIT	C47922	ST	File path		text	{url=http://purl.obolibrary.org/obo/NCIT_C47922}	Files	
File format	The format of an electronic file.	NCIT	C171252	ST	File format		text	{url=http://purl.obolibrary.org/obo/NCIT_C171252}	Files	
File size	The size of an electronic file in bytes.	NCIT	C171192	INT	File size		text	{url=http://purl.obolibrary.org/obo/NCIT_C171192}	Files	
MD5 checksum	A 32-character hexadecimal number that is computed on a file.	NCIT	C171276	ST	MD5 checksum		text	{url=http://purl.obolibrary.org/obo/NCIT_C171276}	Files	
File status	The condition for an electronic file relative to the current data or file processing step.	NCIT	C171193	ST	File status	FileStatus.tsv	single-select	{url=http://purl.obolibrary.org/obo/NCIT_C171193}	Files	
Creation date	The date a digital resource was created.	NCIT	C69199	DATE	Creation date		text	{url=http://purl.obolibrary.org/obo/NCIT_C69199}	Files	
Alternative identifiers	A backup sequence of characters used to identify an entity.	NCIT	C90353	ST	Alternative identifiers		text	{url=http://purl.obolibrary.org/obo/NCIT_C90353}	Files	
Belongs to data release	The act of making data or other structured information accessible to the public or to the user group of a database.	NCIT	C172217	ST	Belongs to data release		multi-select	{url=http://purl.obolibrary.org/obo/NCIT_C172217}	Files	
Cohorts	A group of individuals, identified by a common characteristic.	NCIT	C61512	ST	Cohorts		multi-select	{url=http://purl.obolibrary.org/obo/NCIT_C61512}		
Identifier	One or more characters used to identify, name, or characterize the nature, properties, or contents of a thing.	NCIT	C25364	ST	Identifier		text	{url=http://purl.obolibrary.org/obo/NCIT_C25364}	Cohorts	
Acronym	The non-unique initials or abbreviated name used for identification.	NCIT	C93495	ST	Acronym		text	{url=http://purl.obolibrary.org/obo/NCIT_C93495}	Cohorts	
Name	The words or language units by which a thing is known.	NCIT	C42614	ST	Name		text	{url=http://purl.obolibrary.org/obo/NCIT_C42614}	Cohorts	
Description	The description of the characteristics that define a cohort.	NCIT	C166209	ST	Description		text	{url=http://purl.obolibrary.org/obo/NCIT_C166209}	Cohorts	
Principle investigator	The principle investigator or responsible person for this study.	OMIABIS	0000100	ST	Principle investigator		text	{url=http://purl.obolibrary.org/obo/OMIABIS_0000100}	Cohorts	
Contact person	A person acting as a channel for communication between groups or on behalf of a group.	NCIT	C25461	ST	Contact person		text	{url=http://purl.obolibrary.org/obo/NCIT_C25461}	Cohorts	
Contact email	An email address for the purpose of contacting the study contact person.	OMIABIS	0000035	ST	Contact email		text	{url=http://purl.obolibrary.org/obo/OMIABIS_0000035}	Cohorts	
Size of cohort	A subset of a larger population, selected for investigation to draw conclusions or make estimates about the larger population.	NCIT	C53190	INT	Size of cohort		text	{url=http://purl.obolibrary.org/obo/NCIT_C53190}	Cohorts	
Signed consent	Consent given by a patient to a surgical or medical procedure or participation in a study, examination or analysis after achieving an understanding of the relevant medical facts and the risks involved.	NCIT	C16735	ST	Signed consent		multi-select	{url=http://purl.obolibrary.org/obo/NCIT_C16735}		
Identifier	A unique proper name or character sequence that identifies this particular signed individual consent.	ICO	0000044	ST	Identifier		text	{url=http://purl.obolibrary.org/obo/ICO_0000044}	Signed consent	
Belongs to subject	Reference to the person (i.e. subject) to whom this individual consent applies.	IAO	0000136	ST	Belongs to subject		single-select	{url=http://purl.obolibrary.org/obo/IAO_0000136}	Signed consent	
Consent form used	Reference to the informed consent form that was signed. Points to a particular instance of leaflet and consent form that usually exists as a record (i.e. a row) within the same database as this individual consent.	IAO	0000136	ST	Consent form used		single-select	{url=http://purl.obolibrary.org/obo/IAO_0000136}	Signed consent	
Collected by	Indicates the person, group, or institution who performed the collection act.	NCIT	C45262	ST	Collected by		text	{url=http://purl.obolibrary.org/obo/NCIT_C45262}	Signed consent	
Signing date	A date specification that designates when this individual consent form was signed.	ICO	0000036	DATE	Signing date		text	{url=http://purl.obolibrary.org/obo/ICO_0000036}	Signed consent	
Valid from	Starting date of the validity of this individual consent.	DC	valid	DATE	Valid from		text	{url=http://purl.org/dc/terms/valid}	Signed consent	
Valid until	End date of the validity of this individual consent.	DC	valid	DATE	Valid until		text	{url=http://purl.org/dc/terms/valid}	Signed consent	
Represented by	An individual who is authorized under applicable State or local law to consent on behalf of a child or incapable person to general medical care including participation in clinical research.	NCIT	C142600	ST	Represented by	RepresentedBy.tsv	single-select	{url=http://purl.obolibrary.org/obo/NCIT_C142600}	Signed consent	
Consent withdrawn	An indication that the consent to participate in the study or one or more segments of the study has been revoked.	NCIT	C176342	BOOLEAN	Consent withdrawn		text	{url=http://purl.obolibrary.org/obo/NCIT_C176342}	Signed consent	
Data use permissions	A data item that is used to indicate consent permissions for datasets and/or materials, and relates to the purposes for which datasets and/or material might be used.	DUO	0000001	ST	Data use permissions	DataUsePermissions.tsv	single-select	{url=http://purl.obolibrary.org/obo/DUO_0000001}	Signed consent	
Data use modifiers	Data use modifiers indicate additional conditions for use. For instance, a dataset is restricted to investigations into specific diseases or performed at specific geographical locations.	DUO	0000017	ST	Data use modifiers	DataUseModifiers.tsv	multi-select	{url=http://purl.obolibrary.org/obo/DUO_0000017}	Signed consent	
Data use specification	Further specification of applied data use permissions and modifiers. For example, a list of countries in case of geographic restrictions or a list of diseases when restricted to disease-specific research.	SIO	000090	ST	Data use specification		text	{url=http://semanticscience.org/resource/SIO_000090}	Signed consent	
Allow matchmaker	Permission is given for MatchMaking	NCIT	C54116	BOOLEAN	Allow matchmaker		text	{url=http://purl.obolibrary.org/obo/NCIT_C54116}	Signed consent	
Allow recontacting	The procedure of recontacting the patient for specified reasons. This means the patient agrees to be re-identifiable under those circumstances.	NCIT	C25737	ST	Allow recontacting	Recontacting.tsv	multi-select	{url=http://purl.obolibrary.org/obo/NCIT_C25737}	Signed consent	
Belongs to data release	The act of making data or other structured information accessible to the public or to the user group of a database.	NCIT	C172217	ST	Belongs to data release		multi-select	{url=http://purl.obolibrary.org/obo/NCIT_C172217}	Signed consent	
Leaflet and consent form	A document explaining all the relevant information to assist an individual in understanding the expectations and risks in making a decision about a procedure. This document is presented to and signed by the individual or guardian.	NCIT	C16468	ST	Leaflet and consent form		multi-select	{url=http://purl.obolibrary.org/obo/NCIT_C16468}		
Leaflet title	A title or name given to the leaflet that belongs to this consent form.	DC	title	ST	Leaflet title		text	{url=http://purl.org/dc/terms/title}	Leaflet and consent form	
Leaflet date	A point or period of time associated with the publication of this leaflet that belongs to this consent form.	DC	date	DATE	Leaflet date		text	{url=http://purl.org/dc/terms/date}	Leaflet and consent form	
Leaflet version	The version, edition, or adaptation of this leaflet that belongs to this consent form.	DC	hasVersion	ST	Leaflet version		text	{url=http://purl.org/dc/terms/hasVersion}	Leaflet and consent form	
Consent form identifier	A unique proper name or character sequence that identifies this particular leaflet and consent form combination used in signing individual consent. Using a DOI would be optimal. Using any resolvable URL is suboptimal but still preferable over using a plain text value.	DC	identifier	ST	Consent form identifier		text	{url=http://purl.org/dc/terms/identifier}	Leaflet and consent form	
Consent form title	A title or name given to this consent form.	DC	title	ST	Consent form title		text	{url=http://purl.org/dc/terms/title}	Leaflet and consent form	
Consent form accepted date	Date of acceptance of this consent form.	DC	dateAccepted	DATE	Consent form accepted date		text	{url=http://purl.org/dc/terms/dateAccepted}	Leaflet and consent form	
Consent form valid until	End date of the validity of this consent form.	DC	valid	DATE	Consent form valid until		text	{url=http://purl.org/dc/terms/valid}	Leaflet and consent form	
Consent form creator	Indicates the authoritative body who brought this consent form into existence.	DC	creator	ST	Consent form creator	Institutes.tsv	multi-select	{url=http://purl.org/dc/terms/creator}	Leaflet and consent form	
Consent form version	The version, edition, or adaptation of this consent form.	DC	hasVersion	ST	Consent form version		text	{url=http://purl.org/dc/terms/hasVersion}	Leaflet and consent form	
NGS analysis	An analysis applies analytical (often computational) methods to existing data of a specific type to produce some desired output.	EDAM	operation_2945	ST	NGS analysis		multi-select	{url=http://edamontology.org/operation_2945}		
Identifier	A unique proper name or character sequence that identifies this particular analysis.	AFR	0001979	ST	Identifier		text	{url=http://purl.allotrope.org/ontologies/result#AFR_0001979}	NGS analysis	
Belongs to sequencing	Reference to the sequencing that was performed, i.e. the source on which this analysis was based.	NCIT	C25683	ST	Belongs to sequencing		single-select	{url=http://purl.obolibrary.org/obo/NCIT_C25683}	NGS analysis	
Physical data location	A place on the Earth where the data is located, by its name or by its geographical location. This definition is intentionally vague to allow reuse locally (e.g. which computer), for contacting (e.g. which institute), broadly for logistical or legal reasons (e.g. city, country or continent).	GAZ	00000448	ST	Physical data location		text	{url=http://purl.obolibrary.org/obo/GAZ_00000448}	NGS analysis	
Abstract data location	The file location of the data, or a copy of the data, on an electronically accessible device for preservation (either in plain-text or encrypted format).	NCIT	C142494	ST	Abstract data location		text	{url=http://purl.obolibrary.org/obo/NCIT_C142494}	NGS analysis	
Data formats stored	Which data file formats (i.e. defined ways or layouts of representing and structuring data in a computer file, blob, string, message, or elsewhere) are stored and potentially available.	NCIT	C142494	ST	Data formats stored	DataFormats.tsv	multi-select	{url=http://purl.obolibrary.org/obo/NCIT_C142494}	NGS analysis	
Algorithms used	Any used problem-solving procedures implemented in software to be executed by a computer.	NCIT	C16275	ST	Algorithms used		text	{url=http://purl.obolibrary.org/obo/NCIT_C16275}	NGS analysis	
Reference genome used	The specific build of the human genome used as reference for sequence alignment and variant calling.	EDAM	data_2340	ST	Reference genome used	GenomeAccessions.tsv	single-select	{url=http://edamontology.org/data_2340}	NGS analysis	
Bioinformatic protocol used	A human-readable collection of information about about how a scientific experiment or analysis was carried out that results in a specific set of data or results used for further analysis or to test a specific hypothesis.	EDAM	data_2531	ST	Bioinformatic protocol used		text	{url=http://edamontology.org/data_2531}	NGS analysis	
Bioinformatic protocol deviation	A variation from processes or procedures defined in the bioinformatic protocol. Deviations usually do not preclude the overall evaluability of subject data for either efficacy or safety, and are often acknowledged and accepted in advance by the sponsor.	NCIT	C50996	ST	Bioinformatic protocol deviation		text	{url=http://purl.obolibrary.org/obo/NCIT_C50996}	NGS analysis	
Reason for bioinformatic protocol deviation	The rationale for why a deviation from the bioinformatic protocol has occurred.	NCIT	C93529	ST	Reason for bioinformatic protocol deviation		text	{url=http://purl.obolibrary.org/obo/NCIT_C93529}	NGS analysis	
WGS guideline followed	Any followed systematic statement of policy rules or principles. Guidelines may be developed by government agencies at any level, institutions, professional societies, governing boards, or by convening expert panels.	NCIT	C17564	ST	WGS guideline followed		text	{url=http://purl.obolibrary.org/obo/NCIT_C17564}	NGS analysis	
Metabolomic material processing	A metabolomics material processing is a protocol application including material enrollments and biomaterial transformations.	OBI	0000073	ST	Metabolomic material processing		multi-select	{url=http://purl.obolibrary.org/obo/OBI_0000073}		
Identifier	A unique proper name or character sequence that identifies this particular metabolomics material processing.	NCIT	C132299	ST	Identifier		text	{url=http://purl.obolibrary.org/obo/NCIT_C132299}	Metabolomic material processing	
Sample extraction	The transfer of a solute from a liquid phase to another immiscible or partially-miscible liquid phase in contact with it.	CHMO	0001577	ST	Sample extraction		text	{url=http://purl.obolibrary.org/obo/CHMO_0001577}	Metabolomic material processing	
Filter used	The filter used in separating of suspended solids from a liquid or gas, usually by forcing a carrier gas or liquid through a porous medium.	CHMO	0001640	ST	Filter used		text	{url=http://purl.obolibrary.org/obo/CHMO_0001640}	Metabolomic material processing	
Passing rate	The volume of carrier gas passing through a chromatography column in unit time.	CHMO	0002751	INT	Passing rate		text	{url=http://purl.obolibrary.org/obo/CHMO_0002751}	Metabolomic material processing	
SPE cartridge	A sample preparation technique using a solid adsorbent contained most commonly in a cartridge device, or on a disk to adsorb select species from solution.	OMIT	0025161	ST	SPE cartridge		text	{url=http://purl.obolibrary.org/obo/OMIT_0025161}	Metabolomic material processing	
Washing protocol	Washing is a process by which a material entity acting as contaminant (e.g. excess staining reagent) is removed by application of one or more cycles of solution in flow.	OBI	0302888	ST	Washing protocol		text	{url=http://purl.obolibrary.org/obo/OBI_0302888}	Metabolomic material processing	
Metabolomic assay	A qualitative or quantitative analysis performed to determine the amount of a particular constituent in a sample or the biological or pharmacological properties of a drug.	NCIT	C60819	ST	Metabolomic assay		multi-select	{url=http://purl.obolibrary.org/obo/NCIT_C60819}		
Identifier	A unique proper name or character sequence that identifies this particular metabolomics assay.	NCIT	C171266	ST	Identifier		text	{url=http://purl.obolibrary.org/obo/NCIT_C171266}	Metabolomic assay	
Belongs metabolomic material processing	This metabolomic assay is part of a metabolomic material processing.	SIO	000068	ST	Belongs metabolomic material processing		single-select	{url=http://semanticscience.org/resource/SIO_000068}	Metabolomic assay	
Inlet	A valve that controls the flow of fluids in through the wall of a chamber.	NCIT	C50251	ST	Inlet		text	{url=http://purl.obolibrary.org/obo/NCIT_C50251}	Metabolomic assay	
Mass spectrometer	A piece of apparatus that consists of at least an ion source, a mass-to-charge analyser, a detector and a vacuum system and is used to measure mass spectra.	CHMO	0000982	ST	Mass spectrometer		text	{url=http://purl.obolibrary.org/obo/CHMO_0000982}	Metabolomic assay	
Ionization source	A piece of apparatus that takes an analyte and generates ions which are passed to the rest of a mass spectrometer for analysis.	CHMO	0000960	ST	Ionization source		text	{url=http://purl.obolibrary.org/obo/CHMO_0000960}	Metabolomic assay	
Chromatography column	A piece of apparatus that has the form of a tube with a diameter between 5 to 50 mm and hosts the stationary bed in chromatography.	CHMO	0000997	ST	Chromatography column		text	{url=http://purl.obolibrary.org/obo/CHMO_0000997}	Metabolomic assay	
Phase separation protocol	Any method for the synthesis of polymer membranes that involves the polymer transforming from the liquid phase of the cast solution to the solid phase.	CHMO	0002214	ST	Phase separation protocol		text	{url=http://purl.obolibrary.org/obo/CHMO_0002214}	Metabolomic assay	
Mass spec source conditions	Condition in which variables of the experiment are manipulated to determine the variables effect by comparing to a control condition.	ZECO	0000104	ST	Mass spec source conditions		text	{url=http://purl.obolibrary.org/obo/ZECO_0000104}	Metabolomic assay	
Metabolomic analysis	Basic information, annotation or documentation concerning a metabolomics analysis workflow (but not the workflow itself).	EDAM	data_0949	ST	Metabolomic analysis		multi-select	{url=http://edamontology.org/data_0949}		
Identifier	A unique proper name or character sequence that identifies this particular metabolomics assay.	EDAM	data_1083	ST	Identifier		text	{url=http://edamontology.org/data_1083}	Metabolomic analysis	
Belongs metabolomic assay	This metabolomic analysis is part of a metabolomic assay.	SIO	000068	ST	Belongs metabolomic assay		single-select	{url=http://semanticscience.org/resource/SIO_000068}	Metabolomic analysis	
Workflow definition	File content or location that encapsulates the analysis workflow, i.e. a sequence of operations to achieve one or more objectives.	SIO	000127	ST	Workflow definition		text	{url=http://semanticscience.org/resource/SIO_000127}	Metabolomic analysis	
Workflow engine	The engine used to execute the workflow such as Papermill, Jupyter, Galaxy or Nextflow.	NCIT	C48293	ST	Workflow engine		text	{url=http://purl.obolibrary.org/obo/NCIT_C48293}	Metabolomic analysis	
Workflow published	A printed or electronic work offered for distribution.	NCIT	C48471	ST	Workflow published		text	{url=http://purl.obolibrary.org/obo/NCIT_C48471}	Metabolomic analysis	
Containerized by	The analysis has been boxed by a container engine such as Singularity or Docker.	NCIT	C43186	ST	Containerized by		text	{url=http://purl.obolibrary.org/obo/NCIT_C43186}	Metabolomic analysis	
Software tools	A general term primarily used for digitally stored data such as computer programs and other kinds of information read and written by computers.	ERO	0000071	ST	Software tools		text	{url=http://purl.obolibrary.org/obo/ERO_0000071}	Metabolomic analysis	
Parameters	Any factor that defines a system and determines (or limits) its performance.	NCIT	C44175	ST	Parameters		text	{url=http://purl.obolibrary.org/obo/NCIT_C44175}	Metabolomic analysis	
Data formats stored	Which data file formats (i.e. defined ways or layouts of representing and structuring data in a computer file, blob, string, message, or elsewhere) are stored and potentially available.	NCIT	C142494	ST	Data formats stored	DataFormats.tsv	multi-select	{url=http://purl.obolibrary.org/obo/NCIT_C142494}	Metabolomic analysis	
Standards used	Any socially-agreed upon specifications used such as Common Workflow Language, mzML, ISA-TAB, FAIR Genomes, etc.	SIO	000618	ST	Standards used		text	{url=http://semanticscience.org/resource/SIO_000618}	Metabolomic analysis	
Statistical methods applied	A method of analyzing or representing statistical data or a procedure for calculating a statistic, such as principal component analysis, affinity propagation clustering, T-test, etc.	NCIT	C19044	ST	Statistical methods applied		text	{url=http://purl.obolibrary.org/obo/NCIT_C19044}	Metabolomic analysis	
Genomic Variation	Schema for a Beacon genomic variant entry.	SO	0001060	ST	Genomic Variation		multi-select	{url=http://purl.obolibrary.org/obo/SO_0001060}		
variantInternalId	A unique proper name or character sequence that identifies this particular variation.	NCIT	C164813	ST	variantInternalId		text	{url=http://purl.obolibrary.org/obo/NCIT_C164813}	Genomic Variation	
alternateBases	An allele that varies in it sequence from what is considered the reference or canonical sequence at that location.	GENO	0000002	ST	alternateBases		text	{url=http://purl.obolibrary.org/obo/GENO_0000002}	Genomic Variation	
referenceBases	An attribute inhering in a feature that is designated to serve as a standard against which 'variant' versions of the same location are compared.	GENO	0000152	ST	referenceBases		text	{url=http://purl.obolibrary.org/obo/GENO_0000152}	Genomic Variation	
variantType	An attribute describing a type of variation inhering in a sequence feature or collection.	GENO	0000773	ST	variantType		text	{url=http://purl.obolibrary.org/obo/GENO_0000773}	Genomic Variation	
position_start	The starting position of a sequence feature or interval.	GENO	0000894	INT	position_start		text	{url=http://purl.obolibrary.org/obo/GENO_0000894}	Genomic Variation	
position_end	The ending position of a sequence feature or interval.	GENO	0000895	INT	position_end		text	{url=http://purl.obolibrary.org/obo/GENO_0000895}	Genomic Variation	
position_assemblyId	The specific build of the human genome used as reference for this variant.	EDAM	data_2340	ST	position_assemblyId	GenomeAccessions.tsv	single-select	{url=http://edamontology.org/data_2340}	Genomic Variation	
position_refseqId	TODO unsure what is ment here - Refseq accession number of a transcript?	NCIT	C45335	ST	position_refseqId		text	{url=http://purl.obolibrary.org/obo/NCIT_C45335}	Genomic Variation	
identifiers_clinVarIds	NCBI resource that aggregates information about genomic variation and its relationship to human health.	ENSGLOSSARY	0000242	ST	identifiers_clinVarIds		text	{url=http://ensembl.org/glossary/ENSGLOSSARY_0000242}	Genomic Variation	
identifiers_genomicHGVSId	HGVS genomic sequence variant nomenclature	ENSGLOSSARY	0000274	ST	identifiers_genomicHGVSId		text	{url=http://ensembl.org/glossary/ENSGLOSSARY_0000274}	Genomic Variation	
identifiers_proteinHGVSIds	HGVS protein sequence variant nomenclature	ENSGLOSSARY	0000274	ST	identifiers_proteinHGVSIds		text	{url=http://ensembl.org/glossary/ENSGLOSSARY_0000274}	Genomic Variation	
identifiers_transcriptHGVSIds	HGVS transcript sequence variant nomenclature	ENSGLOSSARY	0000274	ST	identifiers_transcriptHGVSIds		text	{url=http://ensembl.org/glossary/ENSGLOSSARY_0000274}	Genomic Variation	
identifiers_variantAlternativeIds	A backup sequence of characters used to identify an entity.	NCIT	C90353	ST	identifiers_variantAlternativeIds		text	{url=http://purl.obolibrary.org/obo/NCIT_C90353}	Genomic Variation	
molecularAttributes_aminoacidChanges	A variation in the amino acid sequence of a specific gene product.	NCIT	C97928	ST	molecularAttributes_aminoacidChanges		text	{url=http://purl.obolibrary.org/obo/NCIT_C97928}	Genomic Variation	
molecularAttributes_geneIds	A unique gene name within a specific repository, database, or collection.	NCIT	C48664	ST	molecularAttributes_geneIds		text	{url=http://purl.obolibrary.org/obo/NCIT_C48664}	Genomic Variation	
molecularAttributes_genomicFeatures	A sequence feature (continuous extent of biological sequence) that is of genomic origin (i.e. carries sequence from the genome of a cell or organism)	GENO	0000481	ST	molecularAttributes_genomicFeatures		text	{url=http://purl.obolibrary.org/obo/GENO_0000481}	Genomic Variation	
molecularAttributes_molecularEffects	The effect that the variant has on each feature that it overlaps. A variant will have a consequence for each feature that it overlaps.	ENSGLOSSARY	0000134	ST	molecularAttributes_molecularEffects		text	{url=http://ensembl.org/glossary/ENSGLOSSARY_0000134}	Genomic Variation	
variantLevelData_clinicalInterpretations	The determination of the meaning of a clinical result.	NCIT	C125009	ST	variantLevelData_clinicalInterpretations		text	{url=http://purl.obolibrary.org/obo/NCIT_C125009}	Genomic Variation	
variantLevelData_phenotypicEffects	The likelihood of an entity to produce pathologic changes or disease.	NCIT	C168796	ST	variantLevelData_phenotypicEffects		text	{url=http://purl.obolibrary.org/obo/NCIT_C168796}	Genomic Variation	
